title,level,language,subtitles,price,n_enrolled
How to Learn Online,Introductory,English,English,49,124980.0
Programming for Everybody (Getting Started with Python),Introductory,English,English,49,293864.0
CS50's Introduction to Computer Science,Introductory,English,English,90,2442271.0
The Analytics Edge,Intermediate,English,English,199,129555.0
Marketing Analytics: Marketing Measurement Strategy,Introductory,English,English,249,81140.0
Introduction to Project Management,Introductory,English,English,199,301793.0
Leading High-Performing Teams,Intermediate,English,English,5,32847.0
The Foundations of Happiness at Work,Introductory,English,English,199,67073.0
"Managing Study, Stress and Mental Health at University",Introductory,English,English,49,23061.0
Six Sigma: Define and Measure,Introductory,English,English,99,92411.0
Fat Chance: Probability from the Ground Up,Introductory,English,English,49,66835.0
Chasing your Dream: How to End Procrastination and Get a Job You Love,Introductory,English,English,49,44711.0
Bitcoin and Cryptocurrencies,Introductory,English,English,99,83398.0
English Grammar and Style,Introductory,English,English,99,0.0
Ethics in Action,Intermediate,English,"English, Español, Русский",49,6366.0
Introduction to FinTech,Introductory,English,"English, 中文, 中文",199,72767.0
Data Science: R Basics,Introductory,English,English,49,528782.0
Python Basics for Data Science,Introductory,English,English,39,228809.0
The Science of Beer,Introductory,English,English,49,39085.0
CS50's Introduction to Artificial Intelligence with Python,Introductory,English,English,199,346748.0
CS50's Introduction to Game Development,Intermediate,English,English,149,320225.0
Rhetoric: The Art of Persuasive Writing and Public Speaking,Introductory,English,English,99,698950.0
CS50's Web Programming with Python and JavaScript,Intermediate,English,English,90,414181.0
Contract Law: From Trust to Promise to Contract,Intermediate,English,English,125,380167.0
"Fundamentals of Neuroscience, Part 1: The Electrical Properties of the Neuron",Introductory,English,English,99,392588.0
Justice,Introductory,English,"Deutsch, English, Español, Português, 中文",99,276209.0
Data Science: Machine Learning,Introductory,English,English,49,212453.0
Child Protection: Children's Rights in Theory and Practice,Introductory,English,English,99,1103777.0
IELTS Academic Test Preparation,Introductory,English,English,99,406181.0
The Architectural Imagination,Introductory,English,English,99,1022489.0
TOEFL® Test Preparation: The Insider’s Guide,Introductory,English,English,49,257600.0
Principles of Biochemistry,Intermediate,English,English,199,262183.0
Using Python for Research,Intermediate,English,English,99,140782.0
Hinduism Through Its Scriptures,Introductory,English,English,99,400169.0
Basic Spanish 1: Getting Started,Introductory,English,"English, Español",40,110024.0
The Health Effects of Climate Change,Introductory,English,English,99,79671.0
Inglés básico: conversacional y networking,Introductory,Español,"English, Español",49,314586.0
Statistics and R,Intermediate,English,English,249,145011.0
Science & Cooking: From Haute Cuisine to Soft Matter Science (chemistry),Introductory,English,English,199,123870.0
Pyramids of Giza: Ancient Egyptian Art and Archaeology,Introductory,English,English,99,91566.0
"PredictionX: Omens, Oracles & Prophecies",Introductory,English,English,25,284279.0
Excel: Fundamentos y herramientas,Introductory,Español,Español,50,91983.0
Lessons from Ebola: Preventing the Next Pandemic,Introductory,English,English,49,127353.0
Improving Global Health: Focusing on Quality and Safety,Intermediate,English,English,99,87336.0
CS50 for Lawyers,Introductory,English,English,99,171258.0
Data Science: Visualization,Introductory,English,English,49,125051.0
Christianity Through Its Scriptures,Introductory,English,English,99,475614.0
The Science of Happiness,Introductory,English,English,169,231131.0
Leaders of Learning,Introductory,English,"English, Español",99,57814.0
Exercising Leadership: Foundational Principles,Introductory,English,English,99,135859.0
Data Science: Probability,Introductory,English,English,49,117410.0
Introduction to Data Wise: A Collaborative Process to Improve Learning & Teaching,Intermediate,English,"English, Español",70,80082.0
"Prescription Drug Regulation, Cost, and Access: Current Controversies in Context",Introductory,English,English,99,105146.0
Introduction to Family Engagement in Education,Introductory,English,English,70,182462.0
Italian Language and Culture: Beginner (2019-2020),Introductory,Italiano,Italiano,49,53630.0
Steps in Japanese for Beginners1 Part1,Introductory,English,"English, 日本語",49,306787.0
How to Write an Essay,Introductory,English,English,49,95324.0
Energy Within Environmental Constraints,Introductory,English,English,99,97291.0
Introduction to Probability,Intermediate,English,English,99,102075.0
AnatomyX: Musculoskeletal Cases,Intermediate,English,English,99,88256.0
Data Science: Inference and Modeling,Introductory,English,English,49,58626.0
Strengthening Community Health Worker Programs,Introductory,English,English,79,182295.0
Buddhism Through Its Scriptures,Introductory,English,English,99,642088.0
Introduction to Linux,Introductory,English,English,199,81221.0
"Bioethics: The Law, Medicine, and Ethics of Reproductive Technologies and Genetics",Introductory,English,English,99,48938.0
Shakespeare's Life and Work,Introductory,English,English,49,112623.0
Marketing Digital: Content & Community Manager,Introductory,Español,Español,49,88243.0
Accounting and Finance,Intermediate,English,"English, हिन्दी",150,141966.0
Computing in Python I: Fundamentals and Procedural Programming,Introductory,English,English,99,51679.0
"Nutrition, Exercise and Sports",Intermediate,English,English,49,104760.0
Becoming an Entrepreneur,Introductory,English,English,69,74060.0
"Religion, Conflict and Peace",Introductory,English,English,49,61139.0
"Tangible Things: Discovering History Through Artworks, Artifacts, Scientific Specimens, and the Stuff Around You",Introductory,English,English,49,322701.0
Academic and Business Writing,Introductory,English,English,49,62803.0
Data Science: Capstone,Introductory,English,English,99,37045.0
Basics of Computing and Programming,Introductory,English,English,200,84874.0
"Fundamentals of Neuroscience, Part 2: Neurons and Networks",Introductory,English,English,99,31369.0
Successful Negotiation: Essential Strategies and Skills,Introductory,English,English,49,75310.0
Data Science: Linear Regression,Introductory,English,English,49,335895.0
HTML5 and CSS Fundamentals,Introductory,English,English,199,66683.0
Data Science: Productivity Tools,Introductory,English,English,49,98093.0
Introduction to Corporate Finance,Introductory,English,English,225,39540.0
Computer Science 101,Introductory,English,English,149,64584.0
Data Science: Wrangling,Introductory,English,English,49,187138.0
A Hands-on Introduction to Engineering Simulations,Intermediate,English,English,199,49340.0
AI for Everyone: Master the Basics,Introductory,English,English,49,110086.0
The Psychology of Criminal Justice,Introductory,English,English,99,80161.0
Machine Learning with Python: A Practical Introduction,Introductory,English,English,39,94079.0
Analyzing Data with Python,Introductory,English,English,39,111785.0
Excel: gestión de datos,Intermediate,Español,Español,75,85034.0
"Fundamentals of Neuroscience, Part 3: The Brain",Introductory,English,English,99,77991.0
Sikhism Through Its Scriptures,Introductory,English,English,99,96972.0
Upper-Intermediate English: Business and Modern Life,Intermediate,English,English,50,81004.0
Religious Literacy: Traditions and Scriptures,Introductory,English,English,99,78443.0
Programación para todos (empezando con Python),Introductory,Español,Español,49,67029.0
Analyzing and Visualizing Data with Power BI,Introductory,English,English,99,126850.0
High-Dimensional Data Analysis,Advanced,English,English,149,76874.0
Introduction To Music Theory,Introductory,English,English,49,24208.0
Human Anatomy,Introductory,English,English,139,41838.0
"CitiesX: The Past, Present and Future of Urban Life",Introductory,English,"English, Português",99,44045.0
The Path to Happiness: What Chinese Philosophy Teaches us about the Good Life,Introductory,English,English,99,43766.0
Entrepreneurship 101: Who is your customer?,Introductory,English,English,49,52639.0
"U.S. Public Policy: Social, Economic, and Foreign Policies",Introductory,English,English,49,91788.0
Introduction to Data Science,Introductory,English,English,39,92004.0
Circuits and Electronics 1: Basic Circuit Analysis,Introductory,English,"English, 中文",169,61989.0
Introduction to Investments,Intermediate,English,English,50,23728.0
Improving Your Business Through a Culture of Health,Introductory,English,English,99,119891.0
Introduction to Linear Models and Matrix Algebra,Intermediate,English,English,149,38939.0
DO Your Venture: Entrepreneurship For Everyone,Introductory,English,"English, हिन्दी",150,88789.0
El valor de la creatividad y la innovación: La Economía Naranja,Introductory,Español,Español,25,39184.0
Humanitarian Response to Conflict and Disaster,Introductory,English,English,99,41279.0
"Women Making History: Ten Objects, Many Stories",Introductory,English,English,99,62673.0
Masterpieces of World Literature,Introductory,English,English,149,21613.0
SQL for Data Science,Introductory,English,English,39,70682.0
El cerebro y las emociones en el lenguaje,Introductory,Español,Español,49,37598.0
Science & Cooking: From Haute Cuisine to Soft Matter Science (physics),Introductory,English,English,169,113602.0
Python: aprender a programar,Introductory,Español,Español,49,160112.0
Marketing Analytics: Competitive Analysis and Market Segmentation,Intermediate,English,English,249,113592.0
MalariaX: Defeating Malaria from the Genes to the Globe,Intermediate,English,"English, Français",49,57208.0
Entrepreneurship in Emerging Economies,Introductory,English,English,125,20502.0
JavaScript Introduction,Introductory,English,English,199,104108.0
People Management,Introductory,English,"English, हिन्दी",150,145049.0
Using Email for Networking in English,Introductory,English,English,149,91406.0
Databases: Relational Databases and SQL,Introductory,English,English,50,37501.0
C Programming: Getting Started,Introductory,English,English,49,103704.0
Supply Chain Analytics,Introductory,English,English,199,29101.0
Programming for the Web with JavaScript,Intermediate,English,English,149,45867.0
Introduction to Digital Humanities,Introductory,English,English,99,47549.0
Upper-Intermediate English: Business and Industry,Intermediate,English,English,50,69104.0
EmSAT English Preparation - Level 1,Introductory,English,English,49,56040.0
Empathy and Emotional Intelligence at Work,Introductory,English,English,199,22969.0
Design Thinking and Creativity for Innovation,Intermediate,English,English,5,50949.0
China and Communism,Introductory,English,"English, 中文",139,301585.0
Mandarin Chinese Level 1,Introductory,English,English,149,31868.0
Introduction to Biology - The Secret of Life,Introductory,English,"English, 中文",150,67687.0
Photoshop: una herramienta para presentaciones innovadoras,Introductory,Español,Español,19,37452.0
Causal Diagrams: Draw Your Assumptions Before Your Conclusions,Introductory,English,English,99,73208.0
生活英语听说 | Conversational English Skills,Introductory,English,English,49,18883.0
Shakespeare’s Othello: The Moor,Introductory,English,English,49,58532.0
Basic Spanish 2: One Step Further,Introductory,English,"English, Español",50,54805.0
Financial Market Analysis,Intermediate,English,English,25,306286.0
CS50's Computer Science for Business Professionals,Introductory,English,English,90,27968.0
Gobierno Digital,Introductory,Español,Español,25,79365.0
Upper-Intermediate English: Business and Globalization,Intermediate,English,English,50,265104.0
The Opioid Crisis in America,Introductory,English,English,99,35504.0
Gestión de Proyectos de Desarrollo,Introductory,Español,Español,49,64261.0
Statistical Learning,Introductory,English,English,50,17581.0
Introduction to Social Psychology,Introductory,English,English,99,126093.0
Artificial Intelligence (AI),Advanced,English,English,249,80010.0
American Government: Constitutional Foundations,Introductory,English,English,49,24618.0
Introducción a la inversión bursátil,Introductory,Español,Español,50,169126.0
Japanese Books: From Manuscript to Print,Introductory,English,English,100,215059.0
Operations Management,Intermediate,English,"English, हिन्दी",150,37426.0
Marketing Management,Intermediate,English,"English, हिन्दी",150,64142.0
Marketing enfocado en la estrategia de servicios,Introductory,Español,"English, Español",119,20163.0
Introduction to Marketing,Introductory,English,English,150,16470.0
Programming Basics,Introductory,English,English,149,54787.0
HTML5 Coding Essentials and Best Practices,Intermediate,English,English,199,38331.0
First Nights - Beethoven's 9th Symphony and the 19th Century Orchestra,Introductory,English,English,49,48105.0
Cell Biology: Mitochondria,Introductory,English,English,99,50030.0
"Algorithms: Design and Analysis, Part 1",Intermediate,English,English,149,37126.0
Introducción al Office 365,Introductory,Español,Español,75,42101.0
Creative Thinking: Techniques and Tools for Success,Introductory,English,English,49,24414.0
Upper-Intermediate English: Business and Technology,Intermediate,English,English,50,68422.0
Shakespeare's Hamlet: The Ghost,Introductory,English,English,49,208582.0
FlashDiet: Aprende a comer sano,Introductory,Español,Español,50,66771.0
CS50's Understanding Technology,Introductory,English,English,90,57234.0
Introduction to Aerospace Structures and Materials,Introductory,English,English,50,48049.0
Visualizing Data with Python,Intermediate,English,English,39,24259.0
Success: Practical Thinking Skills,Introductory,English,English,50,55293.0
English for Doing Business in Asia – Speaking,Introductory,English,English,60,62798.0
Nutrition and Health: Macronutrients and Overnutrition,Introductory,English,English,99,50540.0
"Contemporary China: The People's Republic, Taiwan, and Hong Kong",Introductory,English,"English, 中文",139,47184.0
Introduction to Clinical Psychology,Introductory,English,English,99,95163.0
Modern Masterpieces of World Literature,Introductory,English,English,99,19905.0
"Citizen Politics in America: Public Opinion, Elections, Interest Groups, and the Media",Introductory,English,English,49,55937.0
Applied Scrum for Agile Project Management,Advanced,English,English,199,122977.0
Corporate Finance,Intermediate,English,"English, हिन्दी",150,73021.0
Judaism Through Its Scriptures,Introductory,English,English,99,17526.0
Excel avanzado: importación y análisis de datos,Advanced,Español,Español,75,19687.0
CSS Basics,Introductory,English,English,199,91062.0
Unlocking Information Security: Part I,Intermediate,English,"اللغة العربية, English, עברית",149,31354.0
Becoming an Effective Leader,Intermediate,English,English,99,48899.0
Digital Branding and Engagement,Intermediate,English,English,99,23283.0
Introduction to Cybersecurity,Introductory,English,English,199,15965.0
General Academic English|生活英语进阶,Introductory,English,English,49,66764.0
Gestión de personas: Recursos Humanos,Introductory,Español,"English, Español",119,45029.0
From Poverty to Prosperity: Understanding Economic Development,Intermediate,English,English,149,12227.0
Medical Terminology,Introductory,English,English,79,79424.0
Ancient Masterpieces of World Literature,Introductory,English,English,99,56171.0
Shakespeare's The Merchant of Venice: Shylock,Introductory,English,English,49,11764.0
Gestión del estrés y Mindfulness,Introductory,Español,Español,49,55228.0
Behavioural Economics in Action,Introductory,English,English,139,20634.0
Finance for Everyone: Smart Tools for Decision-Making,Introductory,English,English,49,56446.0
Creating Innovative Business Models,Introductory,English,English,149,17569.0
u.lab: Leading From the Emerging Future,Introductory,English,"English, Español, Français, עברית, Indonesian, Italiano, 日本語, Português, Türkçe",99,11346.0
Electric Cars: Introduction,Intermediate,English,English,50,31352.0
Inteligencia Artificial para todos: Domina los fundamentos,Introductory,Español,Español,49,47676.0
Marketing Analytics,Advanced,English,English,249,36369.0
Introducción a la Regulación Emocional basada en Mindfulness,Introductory,Español,Español,49,17039.0
Design Thinking Fundamentals,Intermediate,English,English,299,63666.0
Basic Spanish 3: Getting there,Introductory,English,"English, Español",50,89421.0
Mi propia huerta orgánica,Introductory,Español,Español,29,11481.0
Sustainability in Architecture: An Interdisciplinary Introduction,Intermediate,English,English,50,10937.0
Gestión de riesgos en proyectos de desarrollo,Intermediate,Español,Español,25,44079.0
Python Data Structures,Introductory,English,English,49,53085.0
The Science and Business of Biotechnology,Intermediate,English,English,49,65430.0
Finance Essentials,Introductory,English,English,79,11619.0
Introduction to the Internet of Things (IoT),Introductory,English,English,149,57710.0
'Talk to me': Improving mental health and suicide prevention in young adults,Introductory,English,English,139,46400.0
Disaster Medicine Training,Introductory,English,English,50,65564.0
Nutrition and Health: Human Microbiome,Introductory,English,English,49,215705.0
Customer Relationship Management,Intermediate,English,"English, हिन्दी",50,50847.0
Islam Through Its Scriptures,Introductory,English,English,99,16134.0
Mechatronics Revolution: Fundamentals and Core Concepts,Introductory,English,English,149,58463.0
Accounting for Decision-Making,Intermediate,English,"English, हिन्दी",150,325554.0
C Programming: Language Foundations,Introductory,English,English,49,60734.0
Big Data sin misterios,Intermediate,Español,Español,25,12042.0
Becoming a Successful Leader (Inclusive Leadership Training),Introductory,English,English,49,50033.0
"English for Journalists, Part 1",Intermediate,English,English,139,15627.0
Introduction to Networking,Introductory,English,English,150,198861.0
Accounting Essentials,Introductory,English,English,79,97175.0
Introduction to Java Programming: Starting to code in Java,Introductory,English,"English, Español, Português, 中文",149,91868.0
European Paintings: From Leonardo to Rembrandt to Goya,Introductory,English,English,99,38503.0
Java Programming Fundamentals,Intermediate,English,English,49,120019.0
"Hollywood: History, Industry, Art",Introductory,English,English,169,125069.0
Data Science Tools,Introductory,English,English,39,10129.0
Statistical Thinking for Data Science and Analytics,Introductory,English,English,99,62757.0
Philosophy and Critical Thinking,Introductory,English,English,99,33414.0
International Law,Advanced,English,English,150,49351.0
Tourism and Travel Management,Introductory,English,English,5,55154.0
Project Management Life Cycle,Intermediate,English,English,150,78704.0
Solar Energy,Introductory,English,English,50,78266.0
Public Speaking,Introductory,English,English,199,12339.0
Japanese Pronunciation for Communication,Introductory,日本語,"English, 日本語, 한국어, 中文",99,140419.0
Mindfulness and Resilience to Stress at Work,Introductory,English,English,199,318399.0
Framing Your Communication to Inspire and Convince,Intermediate,English,English,125,41663.0
Business Foundations,Introductory,English,English,150,11913.0
The Chemistry of Life,Introductory,English,English,49,74424.0
Nutrition and Health: Micronutrients and Malnutrition,Intermediate,English,English,99,23139.0
Digital Design,Introductory,English,English,50,21809.0
Machine Learning for Data Science and Analytics,Introductory,English,English,99,11113.0
The Science of Everyday Thinking,Introductory,English,English,99,24986.0
Gestion de projets de développement,Intermediate,Français,Français,25,62099.0
Product Management Fundamentals,Introductory,English,English,199,86923.0
International Human Rights Law,Advanced,English,English,150,13566.0
The Best Start in Life: Early Childhood Development for Sustainable Development,Intermediate,English,"اللغة العربية, English, Español, हिन्दी, Português",49,150855.0
Data Science and Machine Learning Capstone Project,Intermediate,English,English,99,98517.0
"Data Science for Construction, Architecture and Engineering",Introductory,English,English,199,36085.0
"Nutrition, Heart Disease and Diabetes",Intermediate,English,English,99,55926.0
Project Management for Development,Intermediate,English,English,49,131197.0
Introduction to Cloud Infrastructure Technologies,Introductory,English,English,169,11823.0
"Circular Fashion: Design, Science and Value in a Sustainable Clothing Industry",Introductory,English,English,65,107770.0
Machine Learning,Advanced,English,English,249,51969.0
Introducción a la gestión de proyectos,Introductory,Español,Español,50,10897.0
Free Cash Flow Analysis,Introductory,English,English,225,26675.0
Lean Production,Introductory,English,English,99,14726.0
Introduction to Algebra,Introductory,English,English,139,27757.0
"LaTeX for Students, Engineers, and Scientists",Introductory,English,English,139,56016.0
Leading With Effective Communication (Inclusive Leadership Training),Introductory,English,English,50,18830.0
Anatomy: Musculoskeletal and Integumentary Systems,Introductory,English,English,49,53664.0
"Inglés empresarial: ventas, gestión y liderazgo",Introductory,English,"English, Español",49,21535.0
Business Strategy from Wharton: Competitive Advantage,Intermediate,English,English,199,88570.0
Inteligencia emocional para el liderazgo efectivo y colaboración,Introductory,Español,Español,49,19614.0
Introducción al desarrollo de aplicaciones web,Introductory,Español,Español,49,8862.0
"Six Sigma: Analyze, Improve, Control",Introductory,English,English,99,40972.0
Introducción a la inteligencia emocional,Introductory,Español,Español,49,12948.0
AP® Microeconomics,Introductory,English,English,49,69358.0
Engineering Calculus and Differential Equations,Introductory,English,English,50,49189.0
Linear Algebra - Foundations to Frontiers,Intermediate,English,English,49,53788.0
Habilidades de negociación y comunicación efectiva,Introductory,Español,Español,149,61722.0
Effective Communication for Today's Leader,Intermediate,English,English,149,54976.0
Electric Cars: Technology,Intermediate,English,English,50,55576.0
Site Planning Online,Intermediate,English,English,99,12133.0
Macroeconometric Forecasting,Intermediate,English,English,25,60713.0
Administración pública y fiscal: cómo se gestiona un gobierno,Introductory,Español,"Español, Español",25,35058.0
Fundamentals of Red Hat Enterprise Linux,Introductory,English,English,99,9796.0
Algorithms,Intermediate,English,English,149,66769.0
Calculus Applied!,Intermediate,English,English,99,22366.0
Precalculus,Intermediate,English,English,49,55376.0
Fundamentos de anatomía y técnica quirúrgica básica,Introductory,Español,Español,49,8314.0
Business Communications,Introductory,English,English,150,34337.0
Italian Language and Culture: Intermediate (2019-2020),Intermediate,Italiano,Italiano,49,36665.0
International Women's Health and Human Rights,Introductory,English,English,50,84270.0
Blockchain: Understanding Its Uses and Implications,Introductory,English,English,199,11046.0
"A-level Mathematics for Year 12 - Course 1: Algebraic Methods, Graphs and Applied Mathematics Methods",Intermediate,English,English,49,22723.0
Blockchain Technology,Intermediate,English,English,99,8146.0
Basics of Power BI,Introductory,English,English,49,15650.0
Preparing to Network in English,Introductory,English,English,149,28710.0
Mandarin Chinese Essentials,Introductory,English,English,99,17554.0
Human Rights: The Rights of Refugees,Introductory,English,English,49,13954.0
What do Architects and Urban Planners do?,Introductory,English,English,49,7958.0
"U.S. Political Institutions: Congress, Presidency, Courts, and Bureaucracy",Introductory,English,English,49,31511.0
Negotiation Skills and Effective Communication,Intermediate,English,English,149,29614.0
AP® English Literature & Composition – Part 1: Stories,Introductory,English,English,49,103224.0
"Viruses & How to Beat Them: Cells, Immunity, Vaccines",Introductory,English,English,149,58834.0
Alianzas: un vehículo para lograr el desarrollo sostenible,Introductory,Español,English,25,36195.0
Designing and Creating Skirts,Introductory,English,English,99,36663.0
Cómo Aprender Online,Introductory,Español,"English, Español",49,81839.0
Computing in Python II: Control Structures,Introductory,English,English,99,16619.0
Facebook Ads: Cómo utilizar el poder de la publicidad en Facebook,Introductory,Español,Español,49,38060.0
Pre-University Calculus,Introductory,English,English,50,103010.0
Tsinghua Chinese: Start Talking with 1.3 Billion People,Introductory,English,English,49,16220.0
Deep Learning with Python and PyTorch,Intermediate,English,English,99,13853.0
Diseña presentaciones eficaces con Powerpoint,Introductory,Español,Español,50,17273.0
World of Wine: From Grape to Glass,Introductory,English,English,199,69182.0
Sustainable Cities,Intermediate,English,"English, हिन्दी",49,42135.0
Introduction to Developmental Psychology,Introductory,English,English,99,50240.0
Creativity & Entrepreneurship,Introductory,English,English,49,23288.0
College Algebra and Problem Solving,Introductory,English,English,49,49319.0
Academic writing for clarity and meaning,Introductory,English,English,49,85786.0
Financial Development and Financial Inclusion,Intermediate,English,English,25,51744.0
Global Public Health,Intermediate,English,English,49,31838.0
Embedded Systems - Shape The World: Microcontroller Input/Output,Intermediate,English,English,49,98113.0
Introduction to Animal Behaviour,Introductory,English,English,49,21440.0
Circular Economy: An Introduction,Introductory,English,English,50,71085.0
Public Financial Management,Intermediate,English,English,25,7303.0
Anatomy: Human Neuroanatomy,Introductory,English,English,49,18692.0
Android: Introducción a la Programación,Introductory,Español,Español,50,10500.0
The Ancient Greek Hero,Introductory,English,English,99,27144.0
Agile Leadership Principles and Practices,Advanced,English,English,199,31570.0
How to Code: Simple Data,Introductory,English,English,125,93633.0
Cybersecurity and Privacy in the IoT,Introductory,English,English,199,7233.0
Strategic Management,Introductory,English,"English, हिन्दी",150,15594.0
Introducción a la ciencia de datos y sus aplicaciones,Introductory,Español,Español,39,21419.0
"Biochemistry: Biomolecules, Methods, and Mechanisms",Intermediate,English,English,150,18660.0
Astronomía Virtual,Introductory,Español,"English, Español",29,22717.0
Nutrition and Cancer,Intermediate,English,English,99,17931.0
Build your very first iOS app,Introductory,English,English,149,98553.0
Object-Oriented Programming,Introductory,English,English,149,78232.0
Introduction to Jenkins,Introductory,English,English,199,18470.0
Conducting an Informational Interview,Introductory,English,English,99,10954.0
Liderazgo y comportamiento organizacional,Introductory,Español,Español,149,37564.0
Creative Coding,Introductory,English,English,249,39155.0
Análisis estadístico con Excel,Introductory,Español,Español,49,67961.0
Introducción a la Ingeniería del Software,Introductory,Español,Español,49,35720.0
Computer Graphics,Intermediate,English,"English, 中文",99,27239.0
Data Science: Computational Thinking with Python,Introductory,English,English,199,6703.0
Comunicación efectiva para el líder actual,Introductory,Español,Español,149,51493.0
Debate y argumentación,Introductory,Español,Español,49,35529.0
Deep Learning with Tensorflow,Intermediate,English,English,99,30313.0
Machine Learning (aprendizaje automático) con Python: una introducción práctica,Introductory,Español,Español,49,39113.0
Essential Human Biology: Cells and Tissues,Introductory,English,English,169,21972.0
"Writing, Presenting and Submitting Scientific Papers in English | 英文科技论文写作与学术报告",Intermediate,English,English,49,45145.0
Computing in Python III: Data Structures,Introductory,English,English,99,51402.0
Introduction to Internet of Things (IoT),Introductory,English,English,49,17484.0
Nutrition and Health: Food Risks,Introductory,English,English,49,6558.0
Mechanics: Kinematics and Dynamics,Intermediate,English,English,49,42262.0
Storytelling for Social Change,Introductory,English,English,49,31326.0
Introduction to Data Analytics for Managers,Introductory,English,English,49,6528.0
Qualitative Research Methods: Conversational Interviewing,Intermediate,English,English,49,54075.0
International Project Management,Advanced,English,English,150,31024.0
Software Development Fundamentals,Intermediate,English,English,149,13608.0
"First Nights - Stravinsky’s Rite of Spring: Modernism, Ballet, and Riots",Introductory,English,English,49,44252.0
Critical Thinking & Problem Solving,Introductory,English,English,199,43981.0
Data Analysis Essentials,Introductory,English,English,79,16029.0
Master Control in Supply Chain Management and Logistics,Introductory,English,English,49,35440.0
Work and Employment for a Sustainable Future,Intermediate,English,English,49,16268.0
Foundations of Data Structures,Intermediate,English,English,149,25553.0
"Financial Programming and Policies, Part 1: Macroeconomic Accounts & Analysis",Intermediate,English,English,25,6431.0
IoT System Design: Software and Hardware Integration,Intermediate,English,English,99,28112.0
English for Doing Business in Asia – Writing,Introductory,English,English,60,18613.0
Working in Teams: A Practical Guide,Introductory,English,English,49,18595.0
Introducción a los encofrados y las cimbras en obra civil y edificación,Introductory,Español,Español,50,10265.0
AI Chatbots without Programming,Introductory,English,English,99,17344.0
Introducción a la Ciencia de Datos y el Big Data,Intermediate,Español,Español,49,6341.0
Just Money: Banking as if Society Mattered,Introductory,English,English,49,36917.0
Introducción a R,Introductory,Español,Español,49,35524.0
Computing in Python IV: Objects & Algorithms,Introductory,English,English,99,13042.0
Adobe Illustrator: aprende a crear presentaciones de impacto,Introductory,Español,Español,15,13036.0
Teaching Critical Thinking through Art with the National Gallery of Art,Introductory,English,"English, Español, Français, 中文",25,39398.0
Word intermedio: herramientas de formato y productividad,Intermediate,Español,Español,50,9715.0
Introducción a las finanzas: Principios de valoración,Intermediate,Español,Español,49,43415.0
Aprende a diseñar jardines verticales y cuadros vivos,Introductory,Español,Español,29,18974.0
"Anatomy: Cardiovascular, Urinary, and Respiratory Systems",Introductory,English,English,49,82210.0
Software Engineering: Introduction,Advanced,English,English,125,35811.0
Structure of Materials,Intermediate,English,English,150,86850.0
Fundamentos de fotografía documental,Introductory,Español,Español,49,68706.0
AP® Italian Language and Culture (2020-2021),Advanced,Italiano,Italiano,49,43401.0
Computer Hardware and Operating Systems,Introductory,English,English,150,12005.0
Marketing Management,Advanced,English,English,214,32726.0
You Can Innovate: User  Innovation & Entrepreneurship,Introductory,English,English,49,23808.0
Analytics in Python,Intermediate,English,Sin dato,249,44642.0
Bases Matemáticas: Álgebra,Introductory,Español,Español,50,50588.0
HTML5 Apps and Games,Advanced,English,English,199,6293.0
MATLAB and Octave for Beginners,Introductory,English,English,139,33303.0
AP Physics 1,Introductory,English,English,49,270376.0
The Divine Comedy: Dante's Journey to Freedom,Introductory,English,English,49,7165.0
Linux Basics: The Command Line Interface,Introductory,English,English,49,6616.0
Entrepreneurial Operations: Launching a Startup,Intermediate,English,English,149,19010.0
Maths Essentials,Introductory,English,English,79,11922.0
"Marketing Analytics: Products, Distribution and Sales",Intermediate,English,English,249,5855.0
Marketing Innovative Products and Services,Introductory,English,English,149,83322.0
Just Reading and Writing in English | 生活英语读写,Introductory,English,English,149,18489.0
Introduction to Java Programming – Part 1,Introductory,English,English,99,5742.0
Comunicación y Redacción Digital,Introductory,Español,Español,29,31368.0
Monetary Policy Analysis and Forecasting,Advanced,English,English,25,99971.0
Basic Analytical Chemistry,Introductory,English,English,49,5683.0
Identifying Entrepreneurial Opportunities,Introductory,English,English,149,18849.0
"ChinaX Book Club: Five Authors, Five Books, Five Views of China",Introductory,English,English,139,32140.0
Astrophysics: Cosmology,Intermediate,English,English,50,48439.0
Japanese Culture and Language (I) |日语与日本文化（1）,Introductory,中文,"日本語, 中文",139,7668.0
COVID-19 Training for Healthcare Workers,Introductory,English,English,10,37558.0
The Rise of Superheroes and Their Impact On Pop Culture,Introductory,English,English,50,93965.0
Introduction to Aeronautical Engineering,Introductory,English,English,50,12230.0
Diseño de Jardines,Introductory,Español,Español,29,14627.0
"Introducción al griego clásico: lengua, nombres y mitología",Introductory,Español,Español,49,6416.0
Deep Learning Fundamentals with Keras,Intermediate,English,English,99,36370.0
Existential Well-being Counseling: A Person-centered Experiential Approach,Introductory,English,English,49,10355.0
Solid Waste Management,Introductory,English,English,5,18294.0
Retail Fundamentals,Intermediate,English,English,99,18029.0
Greatest Unsolved Mysteries of the Universe,Intermediate,English,English,50,51590.0
"Money Markets, Foreign Exchange and Time Value of Money",Introductory,English,English,199,13300.0
Gestión de Contenidos Digitales y Marketing Turístico de Ciudad,Introductory,Español,Español,49,18331.0
Designing the User Experience,Introductory,English,English,199,7605.0
Introduction to Bioconductor,Intermediate,English,English,149,46610.0
Connected Strategy,Intermediate,English,English,199,5473.0
Hybrid Vehicles,Advanced,English,English,249,8089.0
First Nights - Handel's Messiah and Baroque Oratorio,Introductory,English,English,49,43993.0
Statistical Inference and Modeling for High-throughput Experiments,Intermediate,English,English,149,68199.0
First Nights - Monteverdi’s L’Orfeo and the Birth of Opera,Introductory,English,English,49,6824.0
18th-Century Opera: Handel & Mozart,Introductory,English,English,99,9927.0
Introduction to video game development with Unity,Intermediate,English,English,50,8080.0
Best Practices for Project Management Success,Intermediate,English,English,150,26850.0
Fundamentos de la Tecnología Blockchain,Introductory,Español,Español,49,11655.0
Coaching Skills for Learner-Centred Conversations,Introductory,English,English,49,26659.0
Intellectual Property Law and Policy: Part 1,Intermediate,English,English,169,5306.0
Robotics,Advanced,English,English,249,16339.0
La gestion des ressources humaines,Introductory,Français,Français,99,13263.0
Writing for Social Justice,Introductory,English,English,50,32635.0
Steps in Japanese for Beginners1 Part2,Introductory,English,"English, 日本語",99,21970.0
Case Studies in Functional Genomics,Advanced,English,English,149,42834.0
Essential Career Skills for Investment Banking and Finance,Introductory,English,English,49,75464.0
Data Structures and Software Design,Intermediate,English,English,149,54249.0
Unconscious Bias: From Awareness to Action,Introductory,English,English,49,36787.0
Cybersecurity for Critical Urban Infrastructure,Advanced,English,English,100,17713.0
"Agile Process, Project, and Program Controls",Advanced,English,English,199,9512.0
Risk Management in Development Projects,Intermediate,English,English,25,10962.0
"Pintura europea: Leonardo, Rembrandt, Goya",Introductory,Español,Español,29,5001.0
Risk & Return,Introductory,English,English,225,7180.0
Project Management of Engineering Projects: Preparing for Success,Intermediate,English,English,99,29171.0
Supply Chain Dynamics,Advanced,English,English,299,0.0
AWS Developer: Building on AWS,Advanced,English,English,149,8771.0
Financial Accounting Made Fun: Eliminating Your Fears,Introductory,English,English,199,52369.0
PredictionX: John Snow and the Cholera Epidemic of 1854,Introductory,English,English,25,0.0
Gestión de operaciones,Introductory,Español,"English, Español",119,33072.0
Microeconomics & Business,Introductory,English,English,79,31533.0
Inteligencia artificial: Chatbots sin programación,Introductory,Español,English,49,13124.0
Diseño e innovación de modelo de negocios,Advanced,Español,English,99,6238.0
Unlocking Investment and Finance in Emerging Markets and Developing Economies (EMDEs),Introductory,English,English,5,9503.0
Business Communication,Introductory,English,English,199,7346.0
Gestão de riscos em projetos,Intermediate,Português,Português,25,7868.0
Vocal Recording Technology,Introductory,English,English,49,21291.0
Agua 2.0: empresas eficientes para el siglo XXI,Introductory,Español,Español,25,12888.0
IoT Sensors and Devices,Introductory,English,English,199,23408.0
Introducción a las tecnologías para la Educación,Introductory,Español,Español,49,14937.0
Fundamentos de la guitarra eléctrica y acústica,Introductory,Español,Español,49,32810.0
e-Learning on Digital Agriculture,Introductory,English,English,5,12639.0
Exploring GraphQL: A Query Language for APIs,Introductory,English,English,149,64387.0
EmSAT English Preparation - Level 2,Intermediate,English,English,49,5763.0
The Data Science Method,Introductory,English,English,39,27114.0
"Plato, Socrates, and the Birth of Western Philosophy | 西方哲学精神探源",Introductory,English,"English, 中文",49,8313.0
"Cosmic Rays, Dark Matter, and the Mysteries of the Universe",Intermediate,English,English,49,31419.0
Macroeconomic Diagnostics,Intermediate,English,English,25,25111.0
BioStatistics,Introductory,English,English,79,20802.0
Results-Based Project Management: Monitoring and Evaluation,Intermediate,English,English,199,10618.0
Estrategias y estilos de negociación,Introductory,Español,English,149,15297.0
Políticas efectivas de desarrollo infantil,Intermediate,Español,"English, Español, Português",25,17820.0
Alzheimer’s Disease & Dementia Care,Intermediate,English,English,49,22011.0
Understanding Classroom Interaction,Introductory,English,English,49,18168.0
Sign Language Science: Emergence and Evolution of Sign Language,Introductory,English,English,99,12166.0
International Humanitarian Law,Advanced,English,English,150,39672.0
"Educación de calidad para todos: equidad, inclusión y atención a la diversidad",Introductory,Español,Español,49,12084.0
Introduction to Astrophysics,Introductory,English,English,139,14673.0
Epidemics I,Introductory,English,"English, 中文, 中文",139,7032.0
Introducción a la genética y la evolución,Introductory,Español,Español,49,14852.0
Fundamentals of Macroeconomics,Introductory,English,English,129,0.0
"Blockchain and FinTech: Basics, Applications, and Limitations",Introductory,English,"English, 中文",199,7397.0
Molecular Biology - Part 2: Transcription and Transposition,Advanced,English,"English, 中文",99,45760.0
"One Planet, One Ocean",Intermediate,English,English,49,56485.0
Reputation Management in a Digital World,Intermediate,English,English,99,23321.0
Google Ads: publicidad efectiva,Introductory,Español,Español,49,9665.0
Introducción a la energía solar fotovoltaica: El módulo fotovoltaico,Intermediate,Español,Español,50,47083.0
Computer Vision Fundamentals with Watson and OpenCV,Introductory,English,English,99,8697.0
Japanese Business Management,Intermediate,English,English,129,0.0
Introduction to Cloud Computing,Introductory,English,English,49,0.0
Fundamentos de logística,Introductory,Español,Español,29,0.0
Sustainable Urban Development,Introductory,English,English,50,10118.0
Introduction to Biomedical Imaging,Introductory,English,English,99,7544.0
Introducción a la programación en Java: empezando a programar,Introductory,Español,Español,49,11741.0
"Circuits and Electronics 2: Amplification, Speed, and Delay",Intermediate,English,"English, 中文",169,11426.0
China’s Political and Intellectual Foundations: From Sage Kings to Confucius,Introductory,English,"English, 中文",139,28404.0
Introduction to DevOps and Site Reliability Engineering,Introductory,English,English,149,47792.0
SQL aplicado en la  ciencia de datos,Introductory,Español,Español,39,16853.0
Sign Language Science: Factors Contributing to Nature Structure,Introductory,English,English,99,0.0
Gender and Intersectionality,Introductory,English,English,50,35367.0
Digital Transformation in Business,Advanced,English,English,214,7419.0
Designing and Creating Trousers,Introductory,English,English,99,36289.0
Introducción a la teoría política: conceptos y grandes pensadores,Introductory,Español,Español,59,42381.0
"Human Rights, Human Wrongs: Challenging Poverty, Vulnerability and Social Exclusion",Intermediate,English,"English, Русский",49,22246.0
Industry 4.0: How to Revolutionize your Business,Introductory,English,English,50,7056.0
Desafíos y oportunidades en la economía digital,Introductory,Español,Español,25,9274.0
Pensamiento crítico: toma de decisiones razonadas,Introductory,Español,Español,149,14629.0
"MathTrackX: Polynomials, Functions and Graphs",Introductory,English,English,79,0.0
Sustainable Food Security: Crop Production,Intermediate,English,English,49,10961.0
Cannabis Cultivation and Processing,Introductory,English,English,179,7017.0
"Data, Models and Decisions in Business Analytics",Advanced,English,Sin dato,249,14052.0
Data Structures Fundamentals,Intermediate,English,English,99,6426.0
Shaping Work of the Future,Introductory,English,English,49,27338.0
Introducción a la robótica e industria 4.0,Introductory,Español,Español,49,87539.0
Fighting for Equality: 1950–2018,Intermediate,English,English,50,30731.0
"Design Thinking: Ideation, Iteration and Communication",Intermediate,English,English,299,9347.0
Negotiation Strategies and Styles,Intermediate,English,English,149,6166.0
Crear música con tecnología,Introductory,Español,Español,49,6273.0
Análisis de datos: Diseño y Visualización de Tableros,Intermediate,Español,"English, Español",49,8032.0
Comunicación estratégica: gestión de crisis e imagen pública,Introductory,Español,Español,49,12667.0
"Understanding Agribusiness, Value Chains, and Consumers in Global Food Systems",Intermediate,English,English,199,23335.0
Unlocking Information Security: Part II,Intermediate,English,"اللغة العربية, English, עברית",149,36827.0
Human Rights Defenders,Introductory,English,English,49,28580.0
Product Design: The Delft Design Approach,Intermediate,English,English,79,30030.0
Introduction to Psychology | 心理学概论,Introductory,中文,English,139,38041.0
Circuits and Electronics 3: Applications,Intermediate,English,"English, 中文",169,52667.0
Vaccines: from smallpox to technologies of the future,Intermediate,English,English,49,9114.0
Le management,Introductory,Français,Français,149,0.0
Circular Economy for a Sustainable Built Environment,Intermediate,English,English,50,16013.0
Agile Innovation and Problem Solving Skills,Advanced,English,English,199,21296.0
International Investment Law,Advanced,English,English,150,0.0
Animation and CGI Motion,Advanced,English,English,249,6746.0
Terrorism and Counterterrorism,Introductory,English,English,49,0.0
Découvrir le marketing,Intermediate,Français,Français,150,20052.0
Solar Energy: Photovoltaic (PV) Energy Conversion,Advanced,English,English,250,10856.0
Introduction to Actuarial Science,Introductory,English,English,49,0.0
PredictionX: Lost Without Longitude,Introductory,English,English,49,0.0
Introducción a la Inteligencia Artificial de Watson,Introductory,Español,Español,49,8118.0
Dealing with Power and Dynamics: Discover Your Leadership Style and Influence Stakeholders,Intermediate,English,English,125,6169.0
Instructional Design and Technology: Learning Theories,Intermediate,English,English,299,18690.0
"Algorithms: Design and Analysis, Part 2",Intermediate,English,English,149,8250.0
The Math of Data Science: Linear Algebra,Intermediate,English,English,159,11275.0
Introducción al quirófano,Intermediate,Español,Español,49,24667.0
The Hardware of a Quantum Computer,Intermediate,English,English,79,0.0
Grabar y mezclar música,Introductory,Español,Español,49,11812.0
Leadership focused on Human Flourishing,Intermediate,English,English,149,61824.0
Automata Theory,Advanced,English,English,129,43125.0
¡Conceptos básicos de Python para Data Science!,Introductory,Español,Español,49,5367.0
Herramientas para el Análisis de Big Data,Intermediate,Español,Español,49,80425.0
Foundations of Central Bank Law,Intermediate,English,English,25,7253.0
C Programming: Modular Programming and Memory Management,Introductory,English,English,49,12826.0
Enseñanza temprana de matemáticas y ciencias,Introductory,Español,Español,25,25024.0
Entrepreneurship 102: What can you do for your customer?,Introductory,English,English,49,5289.0
Italian Language and Culture: Advanced (2019-2020),Advanced,Italiano,Italiano,49,10281.0
Introduction to Marketing,Introductory,English,English,149,44669.0
Origins of the Human Mind,Introductory,English,English,49,40620.0
Introduction to Geometry,Introductory,English,English,50,51918.0
The Future of Work: Preparing for Disruption,Introductory,English,"اللغة العربية, English, Español, Français, Русский, 中文",5,7789.0
Clinical Reasoning Process,Introductory,English,English,149,44037.0
Datos para la efectividad de las políticas públicas,Introductory,Español,Español,25,34550.0
Media Law,Introductory,English,English,249,31077.0
Líderes para la Gestión en Seguridad Ciudadana y Justicia,Intermediate,Español,Español,25,26453.0
"Diseña, fabrica y programa tu propio robot",Introductory,Español,Español,75,9028.0
Pivoting to Online Teaching: Research and Practitioner Perspectives,Introductory,English,English,139,6169.0
Circular Economy: An Interdisciplinary Approach,Advanced,English,English,149,9752.0
Calculus 1B: Integration,Intermediate,English,English,100,39137.0
Algorithmic Design and Techniques,Intermediate,English,English,99,0.0
Drinking Water Treatment,Intermediate,English,English,50,12384.0
Fundamentos de información financiera y contable,Intermediate,Español,Español,49,26060.0
Les principes de la finance,Intermediate,Français,Français,150,17321.0
Music Technology Foundations,Introductory,English,English,169,9010.0
The Entrepreneurial Mindset,Introductory,English,English,149,0.0
"Anatomy: Gastrointestinal, Reproductive and Endocrine Systems",Introductory,English,English,49,37538.0
Risk Management and Credit Principles,Advanced,English,English,199,9899.0
Steps in Japanese for Beginners1 Part3,Introductory,English,English,99,31031.0
Structural Materials: Selection and Economics,Introductory,English,English,50,0.0
Algorithm Design and Analysis,Intermediate,English,English,149,35162.0
Estructuras de Datos con Python,Introductory,Español,Español,49,19728.0
Mandarin Chinese for Business,Intermediate,English,English,149,5311.0
Bases Matemáticas: Números y terminología,Intermediate,Español,Español,50,25041.0
Arab-Islamic History: From Tribes to Empires,Introductory,English,English,149,0.0
Human-Computer Interaction I: Fundamentals & Design Principles,Introductory,English,English,99,11184.0
Modeling and simulation of multibody systems,Intermediate,English,English,50,0.0
The Science of Parenting,Introductory,English,English,49,11443.0
Inclusive Teaching: Supporting All Students in the College Classroom,Introductory,English,English,49,6923.0
Analytics for Decision Making,Introductory,English,English,249,7581.0
Principios de Análisis e Instrumentos Financieros,Intermediate,Español,Español,49,0.0
DNA: Biology’s Genetic Code,Intermediate,English,English,169,13340.0
Music For Wellness,Introductory,English,English,49,0.0
Mining Massive Datasets,Advanced,English,English,149,41021.0
Introduction to Electrical and Electronic Engineering - 電気電子工学入門 -,Introductory,English,"English, 日本語",50,27761.0
A travel by Spanish America: Spanish for beginners,Introductory,Español,Español,49,7460.0
Introducción a la Inteligencia Artificial,Introductory,Español,Español,49,22089.0
Introducción a la Inteligencia Artificial: Principales Algoritmos,Introductory,Español,Español,49,40106.0
Digital Security and Human Rights,Introductory,English,English,49,26600.0
Critical thinking: reasoned decision making,Introductory,English,English,149,69064.0
Introduction to the Internet of Things,Introductory,English,English,50,6409.0
Trading - Fundamentals of Technical Analysis,Introductory,English,English,199,19171.0
Riñones: conoce sus funciones para mejorar tu salud y calidad de vida,Introductory,Español,Español,49,65711.0
Design Thinking: Empathizing to Understand the Problem,Intermediate,English,English,299,8644.0
Storytelling in the Workplace,Introductory,English,English,199,21591.0
Marketing Analytics: Price and Promotion Analytics,Intermediate,English,English,249,8192.0
Implementation of Data Structures,Intermediate,English,English,149,7360.0
Activism and Citizen Journalism through Media,Introductory,English,English,49,46607.0
Electric and Conventional Vehicles,Advanced,English,English,249,13480.0
Big Data Fundamentals,Intermediate,English,English,199,5980.0
Sustainable Food Security: The value of systems thinking,Introductory,English,English,49,0.0
Knowledge Management and Big Data in Business,Introductory,English,English,50,10488.0
Uso efectivo del tiempo,Introductory,Español,Español,49,0.0
C Programming: Pointers and Memory Management,Introductory,English,English,49,5410.0
Astrophysics: The Violent Universe,Intermediate,English,English,50,23441.0
Landscape Ecology,Intermediate,English,English,50,0.0
IoT Programming and Big Data,Introductory,English,English,199,0.0
AWS: Getting Started with Cloud Security,Introductory,English,English,49,9762.0
Introducción a la gravedad cuántica de lazos,Introductory,Español,"English, Español",50,17055.0
Introduction to the Music Business,Introductory,English,English,49,0.0
Introducción a la programación en C: Tipos de datos y estructuras,Introductory,Español,Español,49,5719.0
Visualización de Datos y Storytelling,Intermediate,Español,Español,49,16905.0
Negociación exitosa: Estrategias y habilidades esenciales (en español),Introductory,Español,Español,49,0.0
"Feeding a Hungry Planet: Agriculture, Nutrition and Sustainability",Intermediate,English,"English, Русский",49,33656.0
Macroeconomics - The Basics,Introductory,English,English,79,28472.0
Fundamentals of Financial Mathematics and Capital Budgeting,Introductory,English,English,99,37158.0
Gestión participativa: motivación y liderazgo organizacional,Intermediate,Español,Español,79,9144.0
Herramientas de ciencia de datos: uso práctico,Introductory,Español,Español,39,0.0
Bienestar para el desarrollo personal y profesional,Intermediate,Español,"English, Español",29,28337.0
Energía eléctrica: conceptos y principios básicos,Intermediate,Español,Español,49,12918.0
Market Segmentation Analysis,Intermediate,English,English,99,0.0
Pensamento crítico: tomada de decisões fundamentadas,Introductory,Português,Português,149,10551.0
AP® English Literature & Composition – Part 2: Poems,Introductory,English,English,49,5280.0
"Electrical, Optical & Magnetic Materials and Devices",Intermediate,English,English,150,0.0
Advanced Cardiac Imaging: Cardiac Computed Tomography (CT),Introductory,English,"English, Français, 中文, 中文",99,5914.0
How to Design a Successful Business Model,Introductory,English,"Deutsch, English, Español, Français",99,10858.0
Ecodesign for Cities and Suburbs,Introductory,English,Sin dato,99,0.0
Agile Software Development,Introductory,English,English,50,18943.0
Diseño de sistemas de información gerencial para intranet con Microsoft Access,Intermediate,Español,Español,49,23703.0
Essentials of Program Strategy and Evaluation,Introductory,English,English,50,8565.0
Gestão de Projetos de Desenvolvimento,Introductory,Português,Português,49,28398.0
Innovation: From Plan to Product,Intermediate,English,English,249,0.0
Introduction to Database Queries,Introductory,English,English,166,43009.0
Climate Change: Carbon Capture and Storage,Introductory,English,English,49,6594.0
Reservoir Geomechanics,Introductory,English,English,129,16028.0
Fundamentos de administración estratégica,Intermediate,Español,Español,49,0.0
IoT System Architecture: Design and Evaluation,Introductory,English,English,99,0.0
Noongar Language and Culture,Introductory,English,English,139,32049.0
Sorting Truth From Fiction: Civic Online Reasoning,Introductory,English,English,49,7246.0
Sustainable Food Security: Food Access,Introductory,English,English,49,12719.0
Bases Matemáticas: Integrales,Introductory,Español,Español,50,16954.0
Epidemics II,Introductory,English,"English, 中文, 中文",139,15914.0
Derechos humanos: Los derechos de las personas refugiadas,Introductory,Español,Español,49,0.0
Sign Language Science: Factors Contributing to Natural Learning,Introductory,English,English,99,0.0
Big Data Analytics,Intermediate,English,English,199,0.0
"A-level Mathematics for Year 13 - Course 1: Functions, Sequences and Series, and Numerical Methods",Intermediate,English,English,49,0.0
ODS en la Agenda 2030 de las Naciones Unidas: Retos de los Objetivos de Desarrollo Sostenible,Introductory,Español,"English, Español",25,8330.0
Achieving Product-Market Fit,Introductory,English,English,199,11426.0
Culture and Law: The East Asian Perspective,Introductory,English,English,49,10604.0
Fundamentals of Market Structure,Introductory,English,English,25,5020.0
Protecting Children in Humanitarian Settings,Intermediate,English,English,50,9977.0
How to Achieve the Sustainable Development Goals,Intermediate,English,"English, Русский",49,20939.0
Aprendizaje y Enseñanza en la Era Digital,Intermediate,Español,Español,49,8784.0
From Atoms to Stars: How Physics Explains Our World,Intermediate,English,"English, Русский",49,10769.0
The Threat of Nuclear Terrorism,Introductory,English,English,50,24301.0
Ingeniería de aeropuertos: diseño del lado aire según OACI (ICAO),Intermediate,Español,Español,75,14909.0
Liderazgo inclusivo,Intermediate,Español,Español,29,13857.0
مساق اللّغة العربيّة,Introductory,اللغة العربية,اللغة العربية,49,138884.0
"Architecture, Algorithms, and Protocols of a Quantum Computer and Quantum Internet",Intermediate,English,English,79,0.0
Contemporary Issues in World Politics,Introductory,English,English,59,0.0
More Fun with Prime Numbers,Intermediate,English,English,49,7210.0
Enterprise Selling,Introductory,English,English,149,27474.0
Climate Change: Financial Risks and Opportunities,Intermediate,English,English,79,10430.0
Caer o No caer. El Secreto de las Estructuras.,Introductory,Español,Español,29,24130.0
Mandarin Chinese Level 2,Introductory,English,English,149,0.0
Design Thinking: Prototyping and User Testing,Intermediate,English,English,299,0.0
Bases Matemáticas: Derivadas,Introductory,Español,Español,50,10654.0
Buscar en Internet,Introductory,Español,Español,49,36320.0
Big Data and Education,Advanced,English,English,169,11176.0
Model-Based Automotive Systems Engineering,Advanced,English,English,249,0.0
Introduction to Hyperledger Blockchain Technologies,Introductory,English,English,199,11818.0
MathTrackX: Integral Calculus,Introductory,English,English,79,6322.0
Solar Energy Engineering: Comprehensive Exams,Advanced,English,English,250,23560.0
Mercados de capital y participantes claves,Introductory,Español,Español,49,9173.0
Introducción al desarrollo de videojuegos con Unity,Intermediate,Español,Español,50,7304.0
Incorporating Renewable Energy in Electricity Grids,Intermediate,English,English,49,34279.0
Herramientas de la Inteligencia de Negocios,Introductory,Español,Español,49,9002.0
Overview & Management of Parkinson’s Disease,Intermediate,English,English,49,16134.0
Conociendo los costos,Intermediate,Español,Español,49,6938.0
Sprint Planning for Faster Agile Team Delivery,Advanced,English,English,199,0.0
Introduction to Water and Climate,Intermediate,English,English,50,39156.0
The Medieval Icelandic Sagas,Intermediate,English,English,50,5668.0
Visual Presentation,Introductory,English,English,199,6128.0
Community Engagement: Collaborating for Change,Introductory,English,English,49,0.0
Introducción al Internet de las Cosas (IoT),Introductory,Español,Español,50,6951.0
"Proteins: Alignment, Analysis and Structure",Advanced,English,English,249,19603.0
AI Applications with Watson,Intermediate,English,English,99,44821.0
Data Analytics and Visualization in Health Care,Advanced,English,English,249,19717.0
Question Everything: Scientific Thinking in Real Life,Introductory,English,English,59,11501.0
Introduction to Lifestyle Medicine,Introductory,English,English,79,9169.0
"Social Work Practice with Individuals, Families, and Small Groups",Advanced,English,English,199,14998.0
Gateway to Medicine: An Introduction to the Field of Medicine|走近医学,Introductory,中文,"English, 中文",49,19330.0
Compostaje Orgánico en Casa,Introductory,Español,Español,29,5018.0
Financial Analysis for Decision Making,Introductory,English,English,199,25295.0
Lifestyle Medicine Treatments of Chronic Disease – Part 1,Intermediate,English,English,179,22814.0
Building Containerized Applications on AWS,Intermediate,English,English,99,7104.0
Effective Communication for Program and Project Stakeholders and Teams,Introductory,English,English,199,18456.0
Biobased Products for a Sustainable (Bio)economy,Introductory,English,English,50,0.0
Social Work Practice: Advocating Social Justice and Change,Introductory,English,English,49,22136.0
Anthropology of Current World Issues,Introductory,English,English,99,0.0
Buyer Behaviour and Analysis,Advanced,English,English,199,46053.0
Idea Development: Create and Implement Innovative Ideas,Intermediate,English,English,249,14902.0
Analysis of Transport Phenomena I: Mathematical Methods,Advanced,English,English,149,23253.0
Leading the Organization,Intermediate,English,English,249,0.0
"Financial Programming and Policies, Part 2: Program Design",Intermediate,English,English,25,40408.0
Introduction to Open Source Networking Technologies,Introductory,English,English,169,6826.0
Deep Learning Essentials,Intermediate,English,English,149,7869.0
Estadística Aplicada a los Negocios,Introductory,Español,Español,49,12425.0
"English for Journalists, Part 2",Intermediate,English,English,49,9340.0
Teaching & Learning in the Diverse Classroom,Introductory,English,English,99,5102.0
Fundamentals of Microeconomics | Fundamentos de Microeconomía,Introductory,English,"English, Español",129,0.0
Migrating to the AWS Cloud,Intermediate,English,English,49,33021.0
IoT Networks and Protocols,Introductory,English,English,199,20068.0
"American Prophet: The Inner Life and Global Vision of Martin Luther King, Jr.",Introductory,English,English,50,12630.0
China’s First Empires and the Rise of Buddhism,Introductory,English,"English, 中文",139,0.0
Apnea y Trastornos del Sueño,Introductory,Español,Español,49,9868.0
Educación sobre el cambio climático,Introductory,Español,Español,25,0.0
Quantum Mechanics: A First Course,Advanced,English,English,149,23031.0
Urban Sewage Treatment,Intermediate,English,English,50,47166.0
Doing Gender and Why it Matters,Introductory,English,English,99,0.0
Producción musical y su efecto en la composición,Introductory,Español,Español,49,25244.0
"Principle of Semiconductor Devices Part I: Semiconductors, PN Junctions and Bipolar Junction Transistors",Intermediate,English,"English, 中文",70,62362.0
"19th-Century Opera: Meyerbeer, Wagner, & Verdi",Introductory,English,English,99,65955.0
Modelos predictivos con Machine Learning,Intermediate,Español,Español,49,10412.0
Quantitative Marketing Research,Introductory,English,English,50,0.0
Les fondements de la stratégie d’entreprise,Introductory,Français,Français,150,6913.0
Solar Energy: Integration of Photovoltaic Systems in Microgrids,Advanced,English,English,250,7186.0
"Automated Software Testing: Unit Testing, Coverage Criteria and Design for Testability",Intermediate,English,English,99,15419.0
Probability and Statistics I:  A Gentle Introduction to Probability,Intermediate,English,English,199,8990.0
Introducción a las ecuaciones diferenciales,Intermediate,Español,Español,49,8418.0
Agile Mindset Introduction,Introductory,English,English,49,0.0
Tropical coastal ecosystems,Introductory,English,English,99,13797.0
Modern China’s Foundations: The Manchus and the Qing,Introductory,English,"English, 中文",139,13912.0
El método de ciencia de datos,Introductory,Español,Español,39,10657.0
AWS Developer: Deploying on AWS,Advanced,English,English,149,21507.0
Autonomous Mobile Robots,Intermediate,English,English,50,10129.0
Gestión por resultados para gobiernos subnacionales,Introductory,Español,Español,25,16419.0
Introduction to Sociology,Introductory,English,English,139,16520.0
Transformación digital en las empresas,Introductory,Español,Español,49,8517.0
Desafios e oportunidades na economia digital,Introductory,Português,Português,25,13994.0
"Cellular Solids Part 1: Structures, Properties and Engineering Applications",Advanced,English,English,99,7769.0
Introduction to Statistical Methods for Gene Mapping,Advanced,English,English,49,0.0
Cómo vivir una vida saludable y activa,Introductory,Español,Español,49,29885.0
Mandarin Chinese Level 3,Intermediate,English,English,149,17914.0
Databases: Advanced Topics in SQL,Introductory,English,English,50,26063.0
Data for Effective Policy Making,Introductory,English,English,25,0.0
C Programming: Using Linux Tools and Libraries,Intermediate,English,English,49,5891.0
Lernen objekt-orientierter Programmierung,Introductory,Deutsch,Deutsch,49,8884.0
Cybersecurity: The CISO's View,Introductory,English,English,199,0.0
Fundamentals of Java EE Development,Intermediate,English,English,99,27814.0
"Instructional Design: Digital Media, New Tools and Technology",Intermediate,English,English,299,12458.0
Molecular Biology – Part 3: RNA Processing and Translation,Advanced,English,"English, 中文",99,8621.0
Power and Responsibility: Doing Philosophy with Superheroes,Introductory,English,English,49,7654.0
Aprendizaje automático y ciencia de datos,Intermediate,Español,Español,50,10127.0
Sustainable Urban Freight Transport: A Global Perspective,Introductory,English,English,50,6521.0
MathTrackX: Statistics,Introductory,English,English,79,15701.0
Técnicas Cuantitativas y Cualitativas para la Investigación,Intermediate,Español,Español,65,0.0
Strategic Applications of IT Project & Program Management,Introductory,English,English,199,5035.0
Advanced Bioconductor,Advanced,English,English,149,10736.0
What Every Provider Should Know: Clinical Fundamentals,Introductory,English,English,50,0.0
Análisis e interpretación de información económica y financiera,Intermediate,Español,Español,49,0.0
AWS IoT: Developing and Deploying an Internet of Things,Intermediate,English,English,99,0.0
Measuring Sustainable Development,Intermediate,English,English,25,9668.0
Embedded Systems - Shape The World: Multi-Threaded Interfacing,Intermediate,English,English,49,15860.0
Hong Kong Cinema through a Global Lens | 全球化下的香港电影,Introductory,English,"English, 中文",50,5048.0
Image Processing and Analysis for Life Scientists,Intermediate,English,English,199,11765.0
La protección del menor,Introductory,Español,Español,49,12748.0
Globalization: Past and Future,Introductory,English,"English, Русский",25,23585.0
Star Trek: Inspiring Culture and Technology,Introductory,English,English,40,13502.0
Qué funciona en educación: políticas educativas basadas en evidencia,Introductory,Español,Español,25,0.0
"Introduction to Cloud Development with HTML5, CSS3, and JavaScript",Introductory,English,English,99,5820.0
Tools for Academic Engagement in Public Policy,Introductory,English,English,199,6232.0
Theory of Change for Development,Introductory,English,English,199,14219.0
Monozukuri: Making Things,Introductory,English,English,49,21949.0
Drug Discovery & Medicinal Chemistry,Intermediate,English,English,99,9383.0
Digital Biomaterials,Introductory,English,English,149,0.0
Natural Resources for Sustainable Development,Intermediate,English,"اللغة العربية, English, Español, Français, Русский",49,6460.0
Omnichannel Strategy and Management,Intermediate,English,English,99,11953.0
General Overview of Cannabis and the Industry’s Outlook and Professions,Introductory,English,English,199,12145.0
Amazon SageMaker: Simplifying Machine Learning Application Development,Intermediate,English,English,99,71203.0
Formulación y nomenclatura de compuestos químicos,Introductory,Español,Español,49,29433.0
Demand and Supply Analytics,Intermediate,English,English,249,0.0
Advanced Algorithmics and Graph Theory with Python,Intermediate,English,English,49,8429.0
Modern Japanese Architecture Part 1: From Meiji Restoration to the Pacific War,Intermediate,English,English,59,10696.0
Diagramas UML estructurales para la Ingeniería del Software,Introductory,Español,Español,50,23828.0
"A-level Mathematics for Year 12 - Course 2: Calculus, Newton’s Laws and Hypothesis Testing",Intermediate,English,English,49,19926.0
Fundamentos de Mecánica para Ingeniería,Introductory,Español,Español,49,0.0
Leadership and Management for PM Practitioners in IT,Introductory,English,English,199,5540.0
Historia de la ética,Introductory,Español,Español,29,0.0
Drainage in Agriculture: controlling water and salt levels in the soil,Advanced,English,English,49,14846.0
Radio para internet con Podcast: creación y conceptos básicos,Introductory,Español,Español,50,12415.0
Introducción a los circuitos eléctricos,Intermediate,Español,Español,49,0.0
AP® Physics 1: Challenging Concepts,Introductory,English,English,49,6608.0
Introduction to Java Programming – Part 2,Introductory,English,English,99,0.0
AP® Macroeconomics,Introductory,English,English,49,12853.0
Climate Change Education,Introductory,English,"English, Español",25,24273.0
"Introducción al griego clásico: verbos, oraciones y filosofía",Introductory,Español,Español,49,0.0
Applied Deep Learning Capstone Project,Advanced,English,English,99,0.0
FinTech Ethics and Risks,Introductory,English,"English, English, 中文, 中文",199,0.0
User Experience (UX) Design: Human Factors and Culture in Design | 设计的人因与文化,Advanced,English,English,139,11859.0
The Conquest of Space: Space Exploration and Rocket Science,Introductory,English,English,129,11865.0
Business Strategy and Operations in a Biobased Economy,Advanced,English,English,149,60943.0
What Works in Education: Evidence-Based Education Policies,Introductory,English,English,25,13616.0
Electric Cars: Business,Intermediate,English,English,50,17299.0
Thermodynamics of Materials,Intermediate,English,English,150,22327.0
Mechanics: Momentum and Energy,Intermediate,English,English,49,0.0
Co-Creating Sustainable Cities,Advanced,English,English,49,8342.0
Cómo educar teniendo en cuenta la muerte,Introductory,Español,Español,49,33710.0
Introduction to Animal Ethics,Introductory,English,English,49,6570.0
Teamwork & Collaboration,Introductory,English,English,199,20189.0
Grant Writing and Crowdfunding for Public Libraries,Introductory,English,English,49,5464.0
Leading Ambitious Teaching and Learning,Advanced,English,English,199,15157.0
Financing Innovative Ventures,Introductory,English,English,149,0.0
"A-level Mathematics for Year 13 - Course 2: General Motion, Moments and Equilibrium, The Normal Distribution, Vectors, Differentiation Methods, Integration Methods and Differential Equations",Intermediate,English,English,49,17087.0
Theories of Media and Technology,Introductory,English,English,249,6277.0
Introducción a la Estructura de la Materia,Introductory,Español,Español,25,17946.0
"Batteries, Fuel Cells, and their Role in Modern Society",Introductory,English,English,49,0.0
Communication Skills for Dialoguing Across Difference,Introductory,English,English,25,9717.0
Social Media: How Media Got Social,Introductory,English,English,139,13277.0
"Portfolio Management, Governance, & the PMO",Introductory,English,English,199,22269.0
edX101: Overview of Creating an edX Course,Introductory,English,English,99,9071.0
"Soy docente, ¡qué miedo! Gestiona eficazmente tus emociones",Introductory,Español,Español,49,43045.0
Data Analysis for Decision Making,Advanced,English,English,214,6573.0
UML Class Diagrams for Software Engineering,Introductory,English,English,49,17505.0
Compilation Basics for Macroeconomic Statistics,Introductory,English,English,25,0.0
Seguridad Vial en América Latina y el Caribe: de la teoría a la acción,Introductory,Español,Español,25,9709.0
From Fossil Resources to Biomass: A Chemistry Perspective,Advanced,English,English,149,0.0
System Dynamics for Health Sciences,Intermediate,English,English,139,8222.0
Internet de las cosas (IoT) y Big Data,Intermediate,Español,Español,49,15014.0
Introduction to Psychological Research Methods,Introductory,English,English,99,15349.0
Sustainable Packaging in a Circular Economy,Intermediate,English,English,50,16719.0
Design in Healthcare: Using Patient Journey Mapping,Introductory,English,English,129,23275.0
"El manejo de plagas, malezas y enfermedades en los Sistemas de Siembra Directa",Intermediate,Español,"English, Español",99,0.0
"Electronic, Optical, and Magnetic Properties of Materials",Advanced,English,English,150,0.0
La España del Quijote,Introductory,Español,Español,19,12318.0
Risk Management for Projects,Introductory,English,English,199,5517.0
Smithsonian’s Objects That Define America,Introductory,English,English,50,71290.0
Creating Modern China: The Republican Period to the Present,Introductory,English,"English, 中文",139,48539.0
Discover Political Science,Intermediate,English,English,50,0.0
Data Science: Inferential Thinking through Simulations,Introductory,English,English,199,0.0
Programming for Data Science,Introductory,English,English,199,0.0
Public Sector Debt Statistics,Intermediate,English,English,25,14266.0
Sensor Fusion and Non-linear Filtering for Automotive Systems,Advanced,English,English,299,24444.0
Creación musical con Soundcool: Introducción,Introductory,Español,Español,30,0.0
First Nights - Berlioz’s Symphonie Fantastique and Program Music in the 19th Century,Introductory,English,English,49,0.0
The Quantum Internet and Quantum Computers: How Will They Change the World?,Introductory,English,English,50,6216.0
Research Methods: An Engineering Approach,Introductory,English,English,169,0.0
Idealismo filosófico y cosmovisiones: cómo hacer mundos con ideas,Introductory,Español,Español,49,16423.0
Rise to Leadership: Become a CEO,Intermediate,English,English,199,10969.0
Building a Cybersecurity Toolkit,Introductory,English,English,199,6934.0
Marketing your Android apps,Intermediate,English,English,49,0.0
Embedded Systems Essentials with Arm: Getting Started,Intermediate,English,English,149,27241.0
Life with Diabetes,Introductory,English,English,139,11055.0
Human Reproduction,Intermediate,English,English,169,7525.0
Enabling Technologies for Data Science and Analytics: The Internet of Things,Introductory,English,English,99,8006.0
Astrophysics: Exploring Exoplanets,Intermediate,English,English,50,8907.0
Unconventional Reservoir Geomechanics,Introductory,English,English,129,5157.0
Strategic Account Management,Introductory,English,English,149,12159.0
PyTorch Basics for Machine Learning,Introductory,English,English,39,0.0
Diseño y Desarrollo de Recursos Multimedia para la Enseñanza Virtual,Intermediate,Español,Español,49,0.0
Introduction to Cloud Foundry and Cloud Native Software Architecture,Introductory,English,English,169,0.0
Gestión de compras eficientes para tu empresa,Introductory,Español,Español,25,0.0
Know HBV And HCV,Introductory,English,English,50,0.0
The Supreme Court & American Politics,Introductory,English,English,29,7031.0
Sales Enablement & Analytics,Introductory,English,English,149,6358.0
Inversión Extranjera como Motor del Desarrollo para América Latina y el Caribe,Intermediate,Español,Español,25,0.0
Liderazgo en la empresa familiar,Intermediate,Español,Español,49,0.0
Comparative Political Systems,Introductory,English,English,59,16015.0
Introducción al Derecho en la vida cotidiana,Introductory,Español,Español,49,11431.0
Cloud Computing for Enterprises,Intermediate,English,English,299,0.0
Diversity and Social Justice in Social Work,Advanced,English,English,199,8542.0
Public Library Marketing and Public Relations,Introductory,English,English,49,0.0
"Healthcare Finance, Economics and Risk",Intermediate,English,English,199,27182.0
Reacciones Químicas y Cálculos Estequiométricos,Introductory,Español,Español,49,38581.0
Seeking Women’s Rights: Colonial Period to the Civil War,Intermediate,English,English,50,7421.0
VideoX: Creating Video for the edX Platform,Introductory,English,English,99,34190.0
Comisión de la Verdad Colombia,Introductory,Español,Español,29,19043.0
MathTrackX: Probability,Introductory,English,English,79,16094.0
Health Informatics for better and safer healthcare,Introductory,English,English,49,7501.0
Sign Language Science: Factors Contributing to Natural Change,Introductory,English,English,99,14003.0
Accounting System Structure and Information Management,Introductory,English,English,50,16467.0
Sustainable Development: The Post-Capitalist Order,Introductory,English,English,49,20406.0
"Health Law, Policy, and Advocacy",Intermediate,English,English,199,9522.0
Introduction to Haptics,Introductory,English,English,129,0.0
Gestión de inventario y portafolio,Introductory,Español,Español,25,8343.0
Understanding Nuclear Energy,Intermediate,English,English,50,10019.0
Cómo Convertirse en un Líder Exitoso (Entrenamiento de Liderazgo Inclusivo),Introductory,Español,Español,50,0.0
Decision Making Under Uncertainty: Introduction to Structured Expert Judgment,Introductory,English,English,50,8581.0
AP® Calculus BC,Introductory,English,English,49,0.0
Advanced Linear Algebra: Foundations to Frontiers,Advanced,English,English,49,6237.0
Entrepreneurial Opportunities,Introductory,English,English,50,14128.0
Agua en América Latina: Abundancia en medio de la escasez mundial,Introductory,Español,Español,25,5741.0
Understanding Political Concepts,Introductory,English,English,59,22349.0
How to Code: Complex Data,Introductory,English,English,125,0.0
Hypersonics – from Shock Waves to Scramjets,Advanced,English,English,99,0.0
Micro and Nanofabrication (MEMS),Advanced,English,"English, Français",199,0.0
Scientific Methods and Research,Intermediate,English,English,49,27763.0
Customer Centric Marketing for Entrepreneurs,Intermediate,English,English,149,19283.0
Dog Behavior: Problems and Solutions,Intermediate,English,English,169,12674.0
The Business of Mining,Introductory,English,English,139,13183.0
"Social Work Practice in Community Organization, Management and Policy/Evaluation",Advanced,English,English,199,0.0
The Business of Aging in the Longevity Economy,Introductory,English,English,139,0.0
Understanding the Australian Health Care System,Introductory,English,English,59,0.0
Age of Sustainable Development,Intermediate,English,"English, Português, Русский",49,7911.0
Internationalization: Creating Digital Content for the World,Advanced,English,English,199,23100.0
Multi-Object Tracking for Automotive Systems,Advanced,English,English,249,0.0
Economics and Policies in a Biobased Economy,Advanced,English,English,149,0.0
Strategic Leadership in Healthcare,Intermediate,English,English,199,17941.0
Terrorism and Counterterrorism: An Introduction,Introductory,English,English,49,0.0
Exploring Psychology's Core Concepts|走进心理学,Introductory,English,English,139,0.0
Creating Virtual Reality (VR) Apps,Intermediate,English,English,99,11895.0
Análisis Multivariable en SPSS,Introductory,Español,Español,49,5930.0
Steps in Japanese for Beginners2 Part1,Introductory,English,English,99,10817.0
"Competencias para buscar, mantener y promocionar en un empleo",Introductory,Español,Español,49,0.0
Dynamics and Control,Introductory,English,English,50,34261.0
Finding Your Cybersecurity Career Path,Introductory,English,English,199,41537.0
Introducción a la caligrafía y paleografía en archivos hispanos medievales y modernos,Introductory,Español,Español,29,6443.0
Mechanics: Rotational Dynamics,Intermediate,English,English,49,28100.0
Applying Health Coaching in Patient Care,Introductory,English,English,199,25893.0
Databases: Modeling and Theory,Introductory,English,English,50,6149.0
"Islamic Banking: Principles, Practice and Risk Management",Introductory,English,English,49,0.0
Liderazgo orientado al florecimiento humano,Introductory,Español,Español,149,10205.0
Software Construction: Object-Oriented Design,Intermediate,English,English,125,15040.0
"Introduction to Hyperledger Sovereign Identity Blockchain Solutions: Indy, Aries & Ursa",Introductory,English,English,199,6480.0
Fondements de l’économie sociale et solidaire,Intermediate,Français,Français,50,9294.0
The Civil War and Reconstruction - 1861 - 1865: A New Birth of Freedom,Introductory,English,English,50,20355.0
Innovation Strategies for Electric Mobility: The StreetScooter Case,Intermediate,English,English,99,0.0
Sustainable Energy,Advanced,English,English,149,8657.0
Designing and Leading Learning Systems,Advanced,English,English,199,0.0
How the U.S. Government Works & How to Get Involved,Introductory,English,English,49,0.0
Inspiring and Motivating Arts and Culture Teams,Introductory,English,English,49,41902.0
Principles of Microeconomics: An Economist Way of Thinking,Intermediate,English,English,149,0.0
A System View of Communications: From Signals to Packets (Part 1),Introductory,English,English,60,0.0
"Invasions, Rebellions, and the Fall of Imperial China",Introductory,English,"English, 中文",139,11246.0
AP® English Literature & Composition – Part 3: Plays,Introductory,English,English,49,8775.0
Cómo implantar grupos de mejora de procesos,Introductory,Español,Español,150,0.0
Proteins: Biology's Workforce,Intermediate,English,English,169,0.0
Introducción a los ritmos y relojes biológicos,Introductory,Español,"English, Español",50,0.0
Linear Algebra I: Linear Equations,Intermediate,English,English,199,0.0
"Fundamentals of Biomedical Imaging: Ultrasounds, X-ray, positron emission tomography (PET) and applications",Advanced,English,English,169,0.0
Fundamentos de Electromagnetismo para Ingeniería,Introductory,Español,Español,49,0.0
Sustainable Food Systems: A Mediterranean Perspective,Intermediate,English,"English, Français, Italiano",49,0.0
Using GPUs to Scale and Speed-up Deep Learning,Intermediate,English,English,99,0.0
StudioX: Creating a Course with edX Studio,Introductory,English,English,99,0.0
The Power of Data,Introductory,English,English,49,0.0
Introducción a las ondas gravitacionales,Introductory,Español,"English, Español",50,0.0
Drones and Autonomous Systems 2: Applications in Emergency Management,Intermediate,English,English,149,0.0
MathTrackX: Differential Calculus,Introductory,English,English,79,0.0
Global China: From the Mongols to the Ming,Introductory,English,"English, 中文",139,0.0
Leaders in Citizen Security and Justice Management for the Caribbean,Intermediate,English,English,25,0.0
Pattern Studying and Making | 图案审美与创作,Introductory,中文,"English, 中文",139,0.0
Computational Neuroscience: Neuronal Dynamics of Cognition,Advanced,English,English,139,0.0
Cities and the Challenge of Sustainable Development,Introductory,English,English,25,0.0
MathTrackX: Special Functions,Introductory,English,English,79,0.0
